interaction_id,user_id,opportunity_id,interaction_type,interaction_weight,interacted_at
10,100,143,view,1,2025-12-05 15:46:32.865404
12,100,152,save,3,2025-12-19 15:46:32.865415
1,100,128,view,1,2025-12-27 15:46:32.865370
14,100,144,save,3,2025-11-30 15:46:32.865419
6,100,159,view,1,2025-12-08 15:46:32.865396
9,100,134,view,1,2025-12-21 15:46:32.865402
3,100,165,view,1,2025-12-21 15:46:32.865388
2,100,145,view,1,2025-12-25 15:46:32.865383
15,100,165,apply,5,2025-12-05 15:46:32.865424
5,100,160,view,1,2025-12-11 15:46:32.865394
8,100,144,view,1,2025-12-10 15:46:32.865400
11,100,134,save,3,2025-12-09 15:46:32.865412
25,101,170,save,3,2025-12-10 15:46:32.865485
27,101,158,save,3,2025-12-01 15:46:32.865489
16,101,127,view,1,2025-12-24 15:46:32.865453
28,101,158,apply,5,2025-12-25 15:46:32.865495
21,101,152,view,1,2025-12-19 15:46:32.865463
24,101,156,save,3,2025-12-25 15:46:32.865482
18,101,118,view,1,2025-11-30 15:46:32.865457
17,101,165,view,1,2025-12-16 15:46:32.865455
29,101,152,apply,5,2025-12-26 15:46:32.865497
20,101,170,view,1,2025-12-08 15:46:32.865461
23,101,156,view,1,2025-12-26 15:46:32.865467
39,102,167,view,1,2025-12-25 15:46:32.865535
41,102,115,save,3,2025-12-15 15:46:32.865543
30,102,174,view,1,2025-12-16 15:46:32.865518
43,102,171,save,3,2025-11-28 15:46:32.865547
35,102,156,view,1,2025-12-05 15:46:32.865527
38,102,115,view,1,2025-12-07 15:46:32.865533
32,102,138,view,1,2025-12-21 15:46:32.865522
31,102,171,view,1,2025-12-16 15:46:32.865520
44,102,156,apply,5,2025-12-01 15:46:32.865552
34,102,149,view,1,2025-12-19 15:46:32.865526
37,102,164,view,1,2025-12-06 15:46:32.865531
40,102,138,save,3,2025-12-13 15:46:32.865541
50,103,102,save,3,2025-12-15 15:46:32.865594
45,103,174,view,1,2025-12-25 15:46:32.865576
54,103,105,apply,5,2025-12-23 15:46:32.865605
55,103,102,apply,5,2025-12-20 15:46:32.865607
47,103,102,view,1,2025-11-28 15:46:32.865581
46,103,105,view,1,2025-12-21 15:46:32.865579
53,103,154,save,3,2025-12-07 15:46:32.865600
49,103,109,view,1,2025-12-09 15:46:32.865585
65,104,110,view,1,2025-12-14 15:46:32.865645
67,104,160,save,3,2025-12-11 15:46:32.865656
56,104,170,view,1,2025-12-03 15:46:32.865628
69,104,154,save,3,2025-12-10 15:46:32.865660
61,104,115,view,1,2025-12-07 15:46:32.865638
64,104,142,view,1,2025-12-06 15:46:32.865644
58,104,108,view,1,2025-11-30 15:46:32.865632
57,104,163,view,1,2025-12-26 15:46:32.865631
70,104,163,apply,5,2025-12-06 15:46:32.865664
60,104,154,view,1,2025-12-23 15:46:32.865636
63,104,159,view,1,2025-12-02 15:46:32.865642
66,104,163,save,3,2025-12-13 15:46:32.865654
80,105,108,save,3,2025-12-03 15:46:32.865706
82,105,127,save,3,2025-12-10 15:46:32.865710
71,105,109,view,1,2025-12-11 15:46:32.865683
83,105,128,save,3,2025-11-27 15:46:32.865712
76,105,129,view,1,2025-12-24 15:46:32.865694
79,105,108,view,1,2025-12-18 15:46:32.865701
73,105,128,view,1,2025-12-22 15:46:32.865688
72,105,127,view,1,2025-12-03 15:46:32.865686
84,105,129,apply,5,2025-12-12 15:46:32.865717
75,105,139,view,1,2025-11-28 15:46:32.865692
78,105,116,view,1,2025-12-07 15:46:32.865699
86,106,115,view,1,2025-11-29 15:46:32.865739
90,106,122,save,3,2025-12-03 15:46:32.865749
85,106,128,view,1,2025-12-20 15:46:32.865736
92,106,115,apply,5,2025-12-06 15:46:32.865756
87,106,155,view,1,2025-12-09 15:46:32.865741
89,106,117,view,1,2025-12-25 15:46:32.865744
98,107,158,view,1,2025-11-29 15:46:32.865785
93,107,169,view,1,2025-12-15 15:46:32.865774
102,107,141,save,3,2025-12-17 15:46:32.865796
103,107,140,apply,5,2025-12-09 15:46:32.865800
95,107,108,view,1,2025-12-07 15:46:32.865779
94,107,141,view,1,2025-12-06 15:46:32.865777
101,107,140,save,3,2025-12-25 15:46:32.865794
97,107,134,view,1,2025-12-13 15:46:32.865783
114,108,136,apply,5,2025-12-02 15:46:32.865847
113,108,117,save,3,2025-12-09 15:46:32.865841
104,108,116,view,1,2025-11-30 15:46:32.865817
112,108,119,save,3,2025-12-09 15:46:32.865839
109,108,105,view,1,2025-12-19 15:46:32.865829
106,108,117,view,1,2025-12-25 15:46:32.865821
105,108,136,view,1,2025-12-17 15:46:32.865819
115,108,174,apply,5,2025-12-14 15:46:32.865849
108,108,119,view,1,2025-12-20 15:46:32.865827
121,109,175,view,1,2025-12-07 15:46:32.865879
116,109,149,view,1,2025-12-13 15:46:32.865868
125,109,139,save,3,2025-12-24 15:46:32.865889
126,109,170,apply,5,2025-12-21 15:46:32.865893
118,109,139,view,1,2025-12-04 15:46:32.865873
117,109,170,view,1,2025-11-30 15:46:32.865871
124,109,107,save,3,2025-11-30 15:46:32.865887
120,109,134,view,1,2025-12-06 15:46:32.865877
138,110,136,apply,5,2025-11-30 15:46:32.865938
136,110,159,save,3,2025-12-22 15:46:32.865932
127,110,103,view,1,2025-12-02 15:46:32.865911
135,110,148,view,1,2025-12-01 15:46:32.865928
132,110,166,view,1,2025-12-26 15:46:32.865922
129,110,134,view,1,2025-11-30 15:46:32.865916
128,110,159,view,1,2025-11-30 15:46:32.865914
139,110,106,apply,5,2025-12-15 15:46:32.865940
131,110,165,view,1,2025-12-24 15:46:32.865920
134,110,136,view,1,2025-12-10 15:46:32.865926
147,111,141,save,3,2025-12-21 15:46:32.865977
141,111,156,view,1,2025-12-02 15:46:32.865960
145,111,108,save,3,2025-12-21 15:46:32.865972
140,111,141,view,1,2025-11-28 15:46:32.865957
148,111,108,apply,5,2025-12-04 15:46:32.865982
142,111,116,view,1,2025-12-02 15:46:32.865962
144,111,108,view,1,2025-12-18 15:46:32.865966
160,112,138,apply,5,2025-11-28 15:46:32.866034
158,112,113,save,3,2025-12-08 15:46:32.866028
149,112,117,view,1,2025-11-30 15:46:32.866003
157,112,138,view,1,2025-12-15 15:46:32.866023
154,112,101,view,1,2025-12-06 15:46:32.866017
151,112,170,view,1,2025-12-25 15:46:32.866012
150,112,102,view,1,2025-12-22 15:46:32.866007
161,112,101,apply,5,2025-12-19 15:46:32.866036
153,112,121,view,1,2025-12-25 15:46:32.866015
156,112,167,view,1,2025-12-20 15:46:32.866021
169,113,151,save,3,2025-12-24 15:46:32.866071
163,113,122,view,1,2025-12-17 15:46:32.866057
167,113,104,view,1,2025-12-25 15:46:32.866065
162,113,102,view,1,2025-12-13 15:46:32.866055
170,113,151,apply,5,2025-12-21 15:46:32.866075
164,113,108,view,1,2025-11-28 15:46:32.866059
166,113,151,view,1,2025-11-28 15:46:32.866063
180,114,148,save,3,2025-11-27 15:46:32.866119
182,114,130,save,3,2025-12-23 15:46:32.866123
171,114,108,view,1,2025-12-01 15:46:32.866093
183,114,108,save,3,2025-12-19 15:46:32.866125
176,114,130,view,1,2025-12-02 15:46:32.866104
179,114,148,view,1,2025-12-27 15:46:32.866113
173,114,173,view,1,2025-12-05 15:46:32.866098
172,114,151,view,1,2025-12-10 15:46:32.866096
184,114,151,apply,5,2025-12-04 15:46:32.866130
175,114,135,view,1,2025-12-08 15:46:32.866102
178,114,129,view,1,2025-12-11 15:46:32.866108
194,115,118,save,3,2025-12-03 15:46:32.866174
196,115,168,save,3,2025-12-07 15:46:32.866179
185,115,118,view,1,2025-12-19 15:46:32.866150
197,115,168,apply,5,2025-12-10 15:46:32.866184
190,115,163,view,1,2025-12-25 15:46:32.866160
193,115,162,view,1,2025-12-01 15:46:32.866166
187,115,168,view,1,2025-11-28 15:46:32.866154
186,115,109,view,1,2025-11-29 15:46:32.866152
198,115,101,apply,5,2025-12-05 15:46:32.866186
189,115,127,view,1,2025-12-26 15:46:32.866158
192,115,101,view,1,2025-12-14 15:46:32.866164
204,116,105,view,1,2025-11-29 15:46:32.866215
199,116,170,view,1,2025-12-14 15:46:32.866204
208,116,137,save,3,2025-12-20 15:46:32.866225
209,116,105,apply,5,2025-12-03 15:46:32.866230
201,116,128,view,1,2025-12-26 15:46:32.866208
200,116,137,view,1,2025-12-23 15:46:32.866206
207,116,105,save,3,2025-12-06 15:46:32.866223
203,116,118,view,1,2025-12-16 15:46:32.866213
219,117,122,save,3,2025-11-30 15:46:32.866269
221,117,129,save,3,2025-11-30 15:46:32.866273
210,117,175,view,1,2025-12-02 15:46:32.866249
222,117,129,apply,5,2025-12-01 15:46:32.866278
215,117,170,view,1,2025-11-30 15:46:32.866259
218,117,123,view,1,2025-12-20 15:46:32.866265
212,117,122,view,1,2025-12-14 15:46:32.866253
211,117,118,view,1,2025-11-28 15:46:32.866252
223,117,123,apply,5,2025-11-28 15:46:32.866280
214,117,161,view,1,2025-12-06 15:46:32.866257
217,117,140,view,1,2025-12-02 15:46:32.866263
233,118,126,save,3,2025-12-27 15:46:32.866318
235,118,174,save,3,2025-11-29 15:46:32.866322
224,118,173,view,1,2025-12-19 15:46:32.866297
236,118,174,apply,5,2025-11-27 15:46:32.866330
229,118,126,view,1,2025-12-19 15:46:32.866307
232,118,154,save,3,2025-11-27 15:46:32.866316
226,118,174,view,1,2025-12-25 15:46:32.866301
225,118,155,view,1,2025-11-30 15:46:32.866299
237,118,145,apply,5,2025-12-19 15:46:32.866332
228,118,145,view,1,2025-12-03 15:46:32.866305
231,118,123,view,1,2025-12-07 15:46:32.866310
245,119,124,save,3,2025-12-02 15:46:32.866369
239,119,139,view,1,2025-12-15 15:46:32.866354
243,119,152,save,3,2025-12-11 15:46:32.866365
238,119,152,view,1,2025-12-24 15:46:32.866352
246,119,173,apply,5,2025-12-14 15:46:32.866373
240,119,173,view,1,2025-11-29 15:46:32.866356
242,119,124,view,1,2025-12-21 15:46:32.866360
255,120,104,save,3,2025-12-06 15:46:32.866409
248,120,102,view,1,2025-12-06 15:46:32.866393
252,120,146,save,3,2025-12-06 15:46:32.866403
247,120,123,view,1,2025-12-18 15:46:32.866390
254,120,123,save,3,2025-12-15 15:46:32.866407
249,120,146,view,1,2025-12-14 15:46:32.866394
256,120,101,apply,5,2025-12-09 15:46:32.866413
251,120,101,view,1,2025-12-15 15:46:32.866398
262,121,114,view,1,2025-12-13 15:46:32.866440
257,121,154,view,1,2025-12-02 15:46:32.866430
266,121,168,save,3,2025-11-29 15:46:32.866450
267,121,114,apply,5,2025-12-25 15:46:32.866454
259,121,116,view,1,2025-12-08 15:46:32.866434
258,121,169,view,1,2025-12-09 15:46:32.866432
265,121,169,save,3,2025-12-02 15:46:32.866448
261,121,168,view,1,2025-12-17 15:46:32.866438
276,122,112,save,3,2025-12-07 15:46:32.866495
269,122,123,view,1,2025-12-27 15:46:32.866474
273,122,160,view,1,2025-12-08 15:46:32.866484
268,122,124,view,1,2025-12-23 15:46:32.866471
275,122,122,save,3,2025-11-29 15:46:32.866493
270,122,144,view,1,2025-12-26 15:46:32.866478
277,122,160,apply,5,2025-12-05 15:46:32.866500
272,122,155,view,1,2025-12-12 15:46:32.866482
288,123,152,apply,5,2025-11-29 15:46:32.866552
287,123,111,save,3,2025-12-02 15:46:32.866548
278,123,142,view,1,2025-12-22 15:46:32.866523
286,123,154,save,3,2025-12-23 15:46:32.866546
283,123,152,view,1,2025-12-13 15:46:32.866537
280,123,135,view,1,2025-11-27 15:46:32.866532
279,123,154,view,1,2025-12-02 15:46:32.866530
289,123,134,apply,5,2025-12-13 15:46:32.866554
282,123,116,view,1,2025-12-11 15:46:32.866535
299,124,131,save,3,2025-12-17 15:46:32.866593
301,124,103,save,3,2025-12-10 15:46:32.866596
290,124,101,view,1,2025-12-03 15:46:32.866572
302,124,108,save,3,2025-12-25 15:46:32.866598
295,124,167,view,1,2025-12-20 15:46:32.866582
298,124,165,view,1,2025-12-25 15:46:32.866587
292,124,103,view,1,2025-12-11 15:46:32.866576
291,124,134,view,1,2025-12-03 15:46:32.866574
303,124,103,apply,5,2025-12-20 15:46:32.866604
294,124,131,view,1,2025-12-07 15:46:32.866579
297,124,135,view,1,2025-12-13 15:46:32.866585
313,125,166,save,3,2025-12-27 15:46:32.866645
315,125,125,save,3,2025-12-16 15:46:32.866649
304,125,118,view,1,2025-12-26 15:46:32.866622
316,125,166,apply,5,2025-11-29 15:46:32.866654
309,125,123,view,1,2025-11-29 15:46:32.866633
312,125,118,save,3,2025-12-12 15:46:32.866643
306,125,119,view,1,2025-12-01 15:46:32.866627
305,125,158,view,1,2025-12-21 15:46:32.866625
317,125,163,apply,5,2025-11-27 15:46:32.866656
308,125,175,view,1,2025-12-15 15:46:32.866631
311,125,163,view,1,2025-12-09 15:46:32.866638
323,126,109,view,1,2025-12-02 15:46:32.866687
318,126,163,view,1,2025-12-27 15:46:32.866675
327,126,167,save,3,2025-12-10 15:46:32.866698
328,126,139,apply,5,2025-12-09 15:46:32.866702
320,126,160,view,1,2025-12-17 15:46:32.866678
319,126,167,view,1,2025-12-15 15:46:32.866677
326,126,170,save,3,2025-12-08 15:46:32.866696
322,126,169,view,1,2025-12-06 15:46:32.866685
340,127,159,save,3,2025-12-10 15:46:32.866763
338,127,166,save,3,2025-12-27 15:46:32.866759
329,127,145,view,1,2025-12-17 15:46:32.866736
337,127,156,view,1,2025-12-19 15:46:32.866753
334,127,106,view,1,2025-12-03 15:46:32.866747
331,127,134,view,1,2025-12-13 15:46:32.866742
330,127,138,view,1,2025-12-21 15:46:32.866740
341,127,106,apply,5,2025-12-20 15:46:32.866767
333,127,166,view,1,2025-12-17 15:46:32.866746
336,127,108,view,1,2025-12-15 15:46:32.866751
353,128,110,save,3,2025-12-01 15:46:32.866816
351,128,101,view,1,2025-12-16 15:46:32.866809
342,128,119,view,1,2025-12-06 15:46:32.866788
350,128,151,view,1,2025-12-03 15:46:32.866807
347,128,143,view,1,2025-12-13 15:46:32.866801
344,128,145,view,1,2025-12-09 15:46:32.866793
343,128,110,view,1,2025-12-24 15:46:32.866791
354,128,112,apply,5,2025-12-24 15:46:32.866821
346,128,112,view,1,2025-12-21 15:46:32.866799
349,128,122,view,1,2025-12-19 15:46:32.866805
364,129,104,save,3,2025-12-16 15:46:32.866862
366,129,136,save,3,2025-12-11 15:46:32.866867
355,129,145,view,1,2025-11-30 15:46:32.866839
367,129,145,apply,5,2025-12-01 15:46:32.866874
360,129,136,view,1,2025-12-02 15:46:32.866848
363,129,104,view,1,2025-12-26 15:46:32.866854
357,129,156,view,1,2025-12-08 15:46:32.866843
356,129,155,view,1,2025-12-06 15:46:32.866841
368,129,135,apply,5,2025-12-12 15:46:32.866876
359,129,112,view,1,2025-12-24 15:46:32.866847
362,129,152,view,1,2025-12-02 15:46:32.866852
374,130,161,save,3,2025-12-01 15:46:32.866912
369,130,139,view,1,2025-12-04 15:46:32.866898
378,130,115,apply,5,2025-12-19 15:46:32.866922
379,130,139,apply,5,2025-11-29 15:46:32.866924
371,130,164,view,1,2025-11-27 15:46:32.866903
370,130,115,view,1,2025-12-11 15:46:32.866901
377,130,164,save,3,2025-12-19 15:46:32.866917
373,130,161,view,1,2025-12-19 15:46:32.866906
389,131,106,save,3,2025-12-21 15:46:32.866965
391,131,120,save,3,2025-12-20 15:46:32.866969
380,131,135,view,1,2025-12-12 15:46:32.866944
392,131,106,apply,5,2025-12-03 15:46:32.866973
385,131,142,view,1,2025-12-17 15:46:32.866954
388,131,145,save,3,2025-11-27 15:46:32.866963
382,131,156,view,1,2025-12-16 15:46:32.866948
381,131,166,view,1,2025-12-21 15:46:32.866947
393,131,145,apply,5,2025-12-20 15:46:32.866975
384,131,145,view,1,2025-12-19 15:46:32.866952
387,131,106,view,1,2025-11-29 15:46:32.866957
403,132,118,view,1,2025-12-10 15:46:32.867013
405,132,154,save,3,2025-12-19 15:46:32.867021
394,132,131,view,1,2025-12-06 15:46:32.866994
406,132,144,save,3,2025-12-20 15:46:32.867025
399,132,171,view,1,2025-12-11 15:46:32.867003
402,132,135,view,1,2025-12-04 15:46:32.867010
396,132,103,view,1,2025-12-16 15:46:32.866998
395,132,162,view,1,2025-12-09 15:46:32.866996
407,132,143,apply,5,2025-12-17 15:46:32.867030
398,132,144,view,1,2025-12-10 15:46:32.867002
401,132,154,view,1,2025-12-14 15:46:32.867007
416,133,106,save,3,2025-12-18 15:46:32.867067
409,133,106,view,1,2025-12-04 15:46:32.867051
413,133,126,save,3,2025-12-20 15:46:32.867061
408,133,163,view,1,2025-12-19 15:46:32.867048
415,133,158,save,3,2025-12-22 15:46:32.867065
410,133,126,view,1,2025-12-09 15:46:32.867052
417,133,121,apply,5,2025-12-23 15:46:32.867071
412,133,121,view,1,2025-12-11 15:46:32.867056
426,134,151,save,3,2025-12-01 15:46:32.867112
419,134,113,view,1,2025-12-18 15:46:32.867094
423,134,152,view,1,2025-12-17 15:46:32.867102
418,134,110,view,1,2025-12-09 15:46:32.867091
425,134,171,save,3,2025-12-24 15:46:32.867110
420,134,171,view,1,2025-12-12 15:46:32.867096
427,134,151,apply,5,2025-12-12 15:46:32.867446
422,134,162,view,1,2025-12-13 15:46:32.867100
433,135,135,save,3,2025-12-13 15:46:32.867538
428,135,113,view,1,2025-12-24 15:46:32.867516
437,135,104,apply,5,2025-12-08 15:46:32.867549
438,135,113,apply,5,2025-11-27 15:46:32.867550
430,135,104,view,1,2025-12-03 15:46:32.867521
429,135,118,view,1,2025-12-10 15:46:32.867519
436,135,138,save,3,2025-12-18 15:46:32.867544
432,135,135,view,1,2025-12-08 15:46:32.867524
448,136,140,view,1,2025-12-18 15:46:32.867590
450,136,161,save,3,2025-11-28 15:46:32.867600
439,136,149,view,1,2025-12-27 15:46:32.867573
452,136,129,save,3,2025-12-02 15:46:32.867603
444,136,129,view,1,2025-12-12 15:46:32.867583
447,136,136,view,1,2025-12-20 15:46:32.867588
441,136,158,view,1,2025-12-13 15:46:32.867577
440,136,114,view,1,2025-12-14 15:46:32.867575
453,136,122,apply,5,2025-12-24 15:46:32.867608
443,136,138,view,1,2025-12-08 15:46:32.867581
446,136,161,view,1,2025-12-26 15:46:32.867587
449,136,138,save,3,2025-12-20 15:46:32.867598
463,137,168,save,3,2025-12-08 15:46:32.867648
465,137,111,save,3,2025-11-29 15:46:32.867652
454,137,160,view,1,2025-12-13 15:46:32.867626
467,137,136,apply,5,2025-12-25 15:46:32.867658
459,137,117,view,1,2025-12-05 15:46:32.867638
462,137,168,view,1,2025-12-19 15:46:32.867644
456,137,109,view,1,2025-12-13 15:46:32.867630
455,137,118,view,1,2025-12-24 15:46:32.867628
468,137,160,apply,5,2025-12-20 15:46:32.867660
458,137,136,view,1,2025-12-18 15:46:32.867636
461,137,155,view,1,2025-11-27 15:46:32.867642
464,137,155,save,3,2025-12-26 15:46:32.867650
469,138,143,view,1,2025-12-14 15:46:32.867676
470,138,109,view,1,2025-12-07 15:46:32.867678
474,138,132,view,1,2025-12-12 15:46:32.867687
483,138,106,apply,5,2025-12-13 15:46:32.867709
482,138,161,save,3,2025-12-06 15:46:32.867705
480,138,110,save,3,2025-12-12 15:46:32.867701
477,138,106,view,1,2025-12-17 15:46:32.867693
478,138,171,view,1,2025-12-17 15:46:32.867695
471,138,110,view,1,2025-12-01 15:46:32.867680
484,138,143,apply,5,2025-12-25 15:46:32.867711
473,138,131,view,1,2025-12-25 15:46:32.867684
476,138,165,view,1,2025-12-14 15:46:32.867691
490,139,116,view,1,2025-12-08 15:46:32.867735
485,139,153,view,1,2025-12-14 15:46:32.867726
494,139,153,save,3,2025-12-10 15:46:32.867749
495,139,128,apply,5,2025-12-13 15:46:32.867753
487,139,128,view,1,2025-12-21 15:46:32.867730
486,139,120,view,1,2025-12-26 15:46:32.867728
493,139,154,save,3,2025-12-19 15:46:32.867748
489,139,124,view,1,2025-12-16 15:46:32.867734
496,140,162,view,1,2025-12-01 15:46:32.867770
497,140,146,view,1,2025-11-28 15:46:32.867772
501,140,155,view,1,2025-12-24 15:46:32.867779
510,140,144,apply,5,2025-12-15 15:46:32.867801
509,140,122,save,3,2025-12-20 15:46:32.867797
507,140,144,save,3,2025-12-12 15:46:32.867793
504,140,144,view,1,2025-12-23 15:46:32.867785
505,140,128,view,1,2025-12-12 15:46:32.867787
498,140,145,view,1,2025-12-24 15:46:32.867774
511,140,145,apply,5,2025-12-21 15:46:32.867803
500,140,129,view,1,2025-11-27 15:46:32.867778
503,140,175,view,1,2025-12-01 15:46:32.867783
523,141,109,apply,5,2025-11-30 15:46:32.867872
521,141,109,save,3,2025-12-16 15:46:32.867855
512,141,124,view,1,2025-12-18 15:46:32.867820
520,141,116,view,1,2025-11-30 15:46:32.867845
517,141,127,view,1,2025-12-09 15:46:32.867836
514,141,119,view,1,2025-12-18 15:46:32.867826
513,141,159,view,1,2025-12-04 15:46:32.867823
524,141,127,apply,5,2025-12-21 15:46:32.867876
516,141,125,view,1,2025-12-09 15:46:32.867833
519,141,109,view,1,2025-12-12 15:46:32.867842
534,142,123,view,1,2025-11-27 15:46:32.867925
536,142,172,save,3,2025-11-28 15:46:32.867934
525,142,122,view,1,2025-12-02 15:46:32.867902
538,142,122,save,3,2025-12-27 15:46:32.867938
530,142,102,view,1,2025-11-27 15:46:32.867913
533,142,169,view,1,2025-12-11 15:46:32.867920
527,142,174,view,1,2025-12-07 15:46:32.867907
526,142,172,view,1,2025-12-01 15:46:32.867905
539,142,131,apply,5,2025-11-30 15:46:32.867942
529,142,110,view,1,2025-12-12 15:46:32.867912
532,142,156,view,1,2025-12-23 15:46:32.867918
535,142,102,save,3,2025-12-11 15:46:32.867931
551,143,127,save,3,2025-12-04 15:46:32.867985
549,143,121,view,1,2025-12-08 15:46:32.867979
540,143,118,view,1,2025-12-17 15:46:32.867961
548,143,156,view,1,2025-12-26 15:46:32.867977
545,143,147,view,1,2025-12-12 15:46:32.867971
542,143,131,view,1,2025-12-05 15:46:32.867965
541,143,136,view,1,2025-12-07 15:46:32.867963
552,143,138,apply,5,2025-12-24 15:46:32.867990
544,143,127,view,1,2025-12-03 15:46:32.867969
547,143,123,view,1,2025-12-10 15:46:32.867975
562,144,161,view,1,2025-12-22 15:46:32.868027
564,144,148,save,3,2025-11-30 15:46:32.868035
553,144,149,view,1,2025-12-16 15:46:32.868007
565,144,161,apply,5,2025-12-12 15:46:32.868040
558,144,110,view,1,2025-12-14 15:46:32.868017
561,144,171,view,1,2025-12-02 15:46:32.868025
555,144,141,view,1,2025-12-23 15:46:32.868012
554,144,148,view,1,2025-12-14 15:46:32.868010
566,144,104,apply,5,2025-11-28 15:46:32.868042
557,144,145,view,1,2025-12-11 15:46:32.868016
560,144,117,view,1,2025-12-06 15:46:32.868021
576,145,137,save,3,2025-12-21 15:46:32.868086
578,145,153,save,3,2025-11-30 15:46:32.868090
567,145,111,view,1,2025-12-06 15:46:32.868062
579,145,166,save,3,2025-12-12 15:46:32.868092
572,145,163,view,1,2025-11-27 15:46:32.868072
575,145,168,view,1,2025-12-18 15:46:32.868078
569,145,166,view,1,2025-12-22 15:46:32.868066
568,145,174,view,1,2025-12-10 15:46:32.868064
580,145,153,apply,5,2025-12-15 15:46:32.868096
571,145,164,view,1,2025-12-13 15:46:32.868070
574,145,167,view,1,2025-12-09 15:46:32.868076
592,146,147,save,3,2025-12-03 15:46:32.868139
590,146,143,save,3,2025-12-19 15:46:32.868135
581,146,107,view,1,2025-12-01 15:46:32.868114
589,146,142,view,1,2025-12-02 15:46:32.868130
586,146,165,view,1,2025-12-02 15:46:32.868125
583,146,169,view,1,2025-11-29 15:46:32.868119
582,146,171,view,1,2025-11-29 15:46:32.868117
593,146,171,apply,5,2025-11-29 15:46:32.868143
585,146,147,view,1,2025-12-03 15:46:32.868122
588,146,113,view,1,2025-12-08 15:46:32.868128
603,147,130,view,1,2025-12-11 15:46:32.868190
605,147,115,save,3,2025-12-02 15:46:32.868198
594,147,110,view,1,2025-12-14 15:46:32.868166
607,147,155,apply,5,2025-11-27 15:46:32.868204
599,147,151,view,1,2025-12-10 15:46:32.868177
602,147,120,view,1,2025-12-11 15:46:32.868187
596,147,148,view,1,2025-12-21 15:46:32.868172
595,147,155,view,1,2025-12-22 15:46:32.868170
608,147,171,apply,5,2025-12-25 15:46:32.868206
598,147,115,view,1,2025-12-02 15:46:32.868175
601,147,171,view,1,2025-12-16 15:46:32.868182
604,147,148,save,3,2025-11-27 15:46:32.868196
614,148,137,view,1,2025-12-06 15:46:32.868234
609,148,160,view,1,2025-12-19 15:46:32.868225
618,148,169,save,3,2025-12-06 15:46:32.868248
619,148,144,apply,5,2025-12-27 15:46:32.868252
611,148,115,view,1,2025-12-24 15:46:32.868229
610,148,147,view,1,2025-12-10 15:46:32.868227
617,148,144,save,3,2025-12-24 15:46:32.868244
613,148,169,view,1,2025-12-16 15:46:32.868232
629,149,160,save,3,2025-12-06 15:46:32.868296
631,149,119,save,3,2025-12-04 15:46:32.868301
620,149,170,view,1,2025-12-26 15:46:32.868272
633,149,160,apply,5,2025-12-07 15:46:32.868308
625,149,104,view,1,2025-12-24 15:46:32.868283
628,149,159,view,1,2025-11-29 15:46:32.868290
622,149,160,view,1,2025-12-26 15:46:32.868277
621,149,120,view,1,2025-11-27 15:46:32.868275
634,149,175,apply,5,2025-12-24 15:46:32.868310
624,149,166,view,1,2025-12-12 15:46:32.868281
627,149,128,view,1,2025-12-20 15:46:32.868288
630,149,175,save,3,2025-11-27 15:46:32.868299
